time_s,power_W,defocus_per_m,unrelated_temp_C
-300,0,0.0201382,20.99
-295,0,0.0203286,20.89
-290,0,0.0201322,21.01
-285,0,0.0194787,20.96
-280,0,0.0203621,20.9
-275,0,0.0201785,21.01
-270,0,0.0197852,21.09
-265,0,0.0202324,21.01
-260,0,0.0201458,21.06
-255,0,0.0201177,21
-250,0,0.0200114,20.89
-245,0,0.0202187,21.02
-240,0,0.0197054,20.98
-235,0,0.0199348,20.93
-230,0,0.0198072,21.04
-225,0,0.0202395,21.01
-220,0,0.0200159,20.97
-215,0,0.019883,21.04
-210,0,0.0196872,20.96
-205,0,0.0198971,21.03
-200,0,0.0200033,20.95
-195,0,0.0198898,21.03
-190,0,0.0205176,20.94
-185,0,0.0204027,21.07
-180,0,0.0189155,21.01
-175,0,0.0192444,21.07
-170,0,0.0199301,20.96
-165,0,0.0198311,20.98
-160,0,0.0200855,21.04
-155,0,0.0200869,20.86
-150,0,0.0208471,20.95
-145,0,0.0195552,21.05
-140,0,0.019849,21.02
-135,0,0.0208171,21.05
-130,0,0.0202587,20.98
-125,0,0.0202652,21.03
-120,0,0.0197944,20.96
-115,0,0.0193408,20.93
-110,0,0.020067,20.92
-105,0,0.0200436,20.97
-100,0,0.0195091,20.97
-95,0,0.0197267,20.97
-90,0,0.0199712,20.82
-85,0,0.0196221,20.9
-80,0,0.0199607,20.97
-75,0,0.0200382,21.01
-70,0,0.0200142,20.97
-65,0,0.0197975,20.96
-60,0,0.0202375,20.88
-55,0,0.0203565,21.1
-50,0,0.0201283,20.94
-45,0,0.0196727,21.08
-40,0,0.0202927,21.08
-35,0,0.0197994,21.01
-30,0,0.0203517,20.97
-25,0,0.0195713,21.01
-20,0,0.0203658,20.94
-15,0,0.019992,21.01
-10,0,0.0195005,21
-5,0,0.0198744,21.03
0,0.95,0.0200216,21.05
5,0.95,0.0225821,21.09
10,0.95,0.0283069,20.98
15,0.95,0.0369285,21.05
20,0.95,0.0476808,20.96
25,0.95,0.0585825,20.96
30,0.95,0.070561,20.97
35,0.95,0.0827226,20.95
40,0.95,0.0937796,21.05
45,0.95,0.106509,21.05
50,0.95,0.118732,21.06
55,0.95,0.129778,21
60,0.95,0.141016,21.01
65,0.95,0.152855,20.97
70,0.95,0.163633,20.94
75,0.95,0.17463,21.02
80,0.95,0.184636,21.01
85,0.95,0.19445,20.94
90,0.95,0.205041,21.03
95,0.95,0.214727,20.91
100,0.95,0.224821,20.99
105,0.95,0.233987,20.97
110,0.95,0.242455,20.97
115,0.95,0.251632,20.95
120,0.95,0.26128,21.05
125,0.95,0.269833,21.03
130,0.95,0.277764,21.06
135,0.95,0.286309,21.01
140,0.95,0.294613,20.94
145,0.95,0.302588,20.98
150,0.95,0.310564,20.94
155,0.95,0.317978,21.02
160,0.95,0.325355,21.06
165,0.95,0.332666,21.02
170,0.95,0.340432,20.97
175,0.95,0.346215,20.98
180,0.95,0.354037,21.01
185,0.95,0.360956,20.93
190,0.95,0.3671,21.01
195,0.95,0.374412,21.01
200,0.95,0.38051,20.97
205,0.95,0.387493,20.98
210,0.95,0.393364,21.01
215,0.95,0.39984,20.96
220,0.95,0.406111,20.96
225,0.95,0.411725,21.04
230,0.95,0.417069,21.01
235,0.95,0.422561,21.08
240,0.95,0.429519,20.95
245,0.95,0.43433,20.91
250,0.95,0.439562,21.05
255,0.95,0.445268,21.05
260,0.95,0.450417,20.96
265,0.95,0.45603,20.93
270,0.95,0.460813,21
275,0.95,0.465832,20.91
280,0.95,0.470485,20.98
285,0.95,0.475822,20.89
290,0.95,0.480005,20.99
295,0.95,0.485392,20.89
300,0.95,0.490366,20.99
305,0.95,0.493702,21.07
310,0.95,0.497808,20.98
315,0.95,0.503451,21.04
320,0.95,0.508563,20.97
325,0.95,0.511414,20.95
330,0.95,0.515515,20.92
335,0.95,0.520386,21.05
340,0.95,0.523882,21
345,0.95,0.52802,21.08
350,0.95,0.532023,20.94
355,0.95,0.536252,20.99
360,0.95,0.539693,21
365,0.95,0.543722,21.07
370,0.95,0.547236,21.09
375,0.95,0.550606,20.97
380,0.95,0.554396,20.94
385,0.95,0.557667,20.91
390,0.95,0.561517,21.06
395,0.95,0.564478,20.99
400,0.95,0.56785,20.97
405,0.95,0.572176,20.99
410,0.95,0.574826,20.87
415,0.95,0.578029,20.91
420,0.95,0.581408,21.04
425,0.95,0.584138,21.02
430,0.95,0.58727,21
435,0.95,0.590538,20.95
440,0.95,0.59344,21.03
445,0.95,0.595776,21.09
450,0.95,0.59944,20.94
455,0.95,0.601693,21
460,0.95,0.604285,20.98
465,0.95,0.607082,21.02
470,0.95,0.609978,21
475,0.95,0.613434,20.99
480,0.95,0.614921,20.95
485,0.95,0.618023,21
490,0.95,0.619631,20.97
495,0.95,0.622973,20.99
500,0.95,0.625782,20.99
505,0.95,0.627739,21.03
510,0.95,0.629954,20.97
515,0.95,0.632634,20.98
520,0.95,0.635121,21.05
525,0.95,0.63737,20.99
530,0.95,0.640121,20.98
535,0.95,0.641609,21.04
540,0.95,0.643448,21.01
545,0.95,0.645759,21
550,0.95,0.647873,21.01
555,0.95,0.650005,20.94
560,0.95,0.651977,21.02
565,0.95,0.654054,21.06
570,0.95,0.65528,21.03
575,0.95,0.658214,20.92
580,0.95,0.659556,21.01
585,0.95,0.661191,20.95
590,0.95,0.66376,20.99
595,0.95,0.665848,21
600,0.95,0.667306,20.94
605,0.95,0.668933,21.06
610,0.95,0.670228,20.99
615,0.95,0.673454,21.04
620,0.95,0.674337,21.03
625,0.95,0.675181,21.07
630,0.95,0.676952,21.06
635,0.95,0.6789,20.92
640,0.95,0.679819,21
645,0.95,0.682061,20.89
650,0.95,0.683337,20.98
655,0.95,0.685515,21.03
660,0.95,0.68689,21.04
665,0.95,0.686878,21.06
670,0.95,0.689413,20.98
675,0.95,0.690162,21.01
680,0.95,0.692643,21
685,0.95,0.693635,21.06
690,0.95,0.695134,21.08
695,0.95,0.695815,20.98
700,0.95,0.698278,21.19
705,0.95,0.699639,21
710,0.95,0.699671,20.98
715,0.95,0.701491,21.03
720,0.95,0.702298,21.04
725,0.95,0.703765,21.03
730,0.95,0.704456,20.97
735,0.95,0.706879,21.07
740,0.95,0.706896,21
745,0.95,0.708298,21.08
750,0.95,0.709733,21.07
755,0.95,0.710372,20.94
760,0.95,0.711616,20.95
765,0.95,0.712551,20.95
770,0.95,0.713771,21.01
775,0.95,0.714387,21
780,0.95,0.715695,21.01
785,0.95,0.716787,20.96
790,0.95,0.717721,21.02
795,0.95,0.718845,21.07
800,0.95,0.719659,20.93
805,0.95,0.721016,20.99
810,0.95,0.721509,21.01
815,0.95,0.722494,20.99
820,0.95,0.723178,20.99
825,0.95,0.724115,21.09
830,0.95,0.724687,21.06
835,0.95,0.726255,21.04
840,0.95,0.726431,20.96
845,0.95,0.727417,21.11
850,0.95,0.728674,21.02
855,0.95,0.729494,20.97
860,0.95,0.729962,20.98
865,0.95,0.730092,20.97
870,0.95,0.731833,21.11
875,0.95,0.732522,21.01
880,0.95,0.732595,21
885,0.95,0.734198,20.89
890,0.95,0.734328,21.04
895,0.95,0.734866,20.95
900,0.95,0.736051,20.94
905,0.95,0.736627,21.03
910,0.95,0.737454,20.96
915,0.95,0.737395,21.04
920,0.95,0.739416,21.06
925,0.95,0.739094,20.91
930,0.95,0.739353,20.99
935,0.95,0.74084,20.92
940,0.95,0.741065,21
945,0.95,0.741941,21.04
950,0.95,0.742271,20.93
955,0.95,0.742969,21.09
960,0.95,0.743668,20.98
965,0.95,0.743838,20.94
970,0.95,0.744968,20.99
975,0.95,0.745058,21.04
980,0.95,0.74544,20.93
985,0.95,0.746352,21
990,0.95,0.747024,20.93
995,0.95,0.747271,21.06
1000,0.95,0.747526,21.01
1005,0.95,0.74862,20.98
1010,0.95,0.748161,21.05
1015,0.95,0.748938,20.93
1020,0.95,0.749844,20.98
1025,0.95,0.749754,21.09
1030,0.95,0.750772,20.99
1035,0.95,0.751195,21.07
1040,0.95,0.752025,21.01
1045,0.95,0.751741,20.96
1050,0.95,0.752291,20.99
1055,0.95,0.753103,21
1060,0.95,0.752408,20.98
1065,0.95,0.755046,20.96
1070,0.95,0.753934,20.96
1075,0.95,0.754324,20.92
1080,0.95,0.755356,21
1085,0.95,0.755385,21.02
1090,0.95,0.755072,21.04
1095,0.95,0.756412,20.91
1100,0.95,0.756875,21.04
1105,0.95,0.756719,21
1110,0.95,0.757146,20.93
1115,0.95,0.757808,21
1120,0.95,0.757599,21.04
1125,0.95,0.758481,21.03
1130,0.95,0.758724,21.04
1135,0.95,0.758707,21.05
1140,0.95,0.758747,21.04
1145,0.95,0.759537,21
1150,0.95,0.759594,20.89
1155,0.95,0.760658,20.96
1160,0.95,0.760622,21.02
1165,0.95,0.76118,20.98
1170,0.95,0.76122,21.03
1175,0.95,0.761564,21.04
1180,0.95,0.761435,21
1185,0.95,0.7623,21.09
1190,0.95,0.763027,20.95
1195,0.95,0.762465,21.05
1200,0.95,0.762623,20.98
1205,0.95,0.763064,20.96
1210,0.95,0.763197,21.03
1215,0.95,0.763368,20.97
1220,0.95,0.763959,21.04
1225,0.95,0.764038,20.94
1230,0.95,0.764977,21
1235,0.95,0.764645,20.96
1240,0.95,0.765013,20.99
1245,0.95,0.7655,20.98
1250,0.95,0.765231,20.94
1255,0.95,0.766154,21.03
1260,0.95,0.765551,20.94
1265,0.95,0.765702,20.95
1270,0.95,0.766097,21.04
1275,0.95,0.766412,21.05
1280,0.95,0.766108,21.03
1285,0.95,0.766863,21.02
1290,0.95,0.766414,21.11
1295,0.95,0.767839,20.94
1300,0.95,0.767448,20.96
1305,0.95,0.767419,20.95
1310,0.95,0.767505,21.04
1315,0.95,0.767903,21.01
1320,0.95,0.768154,21.05
1325,0.95,0.768009,21.05
1330,0.95,0.768239,20.99
1335,0.95,0.768709,20.96
1340,0.95,0.768751,20.95
1345,0.95,0.769507,21.11
1350,0.95,0.769756,21.05
1355,0.95,0.769474,21.03
1360,0.95,0.769821,20.98
1365,0.95,0.769259,20.99
1370,0.95,0.770207,20.98
1375,0.95,0.770097,20.98
1380,0.95,0.770457,20.88
1385,0.95,0.771055,21
1390,0.95,0.769652,20.98
1395,0.95,0.770815,21.01
1400,0.95,0.770416,21.01
1405,0.95,0.771235,21.04
1410,0.95,0.770613,21
1415,0.95,0.771079,21.04
1420,0.95,0.771494,20.87
1425,0.95,0.771792,20.94
1430,0.95,0.771708,21.09
1435,0.95,0.771491,20.94
1440,0.95,0.771714,20.99
1445,0.95,0.772415,21.03
1450,0.95,0.772183,20.96
1455,0.95,0.771633,21.04
1460,0.95,0.772764,20.93
1465,0.95,0.772711,20.9
1470,0.95,0.77301,20.93
1475,0.95,0.772641,20.92
1480,0.95,0.773219,21
1485,0.95,0.772574,20.98
1490,0.95,0.773336,21.02
1495,0.95,0.773019,20.95
1500,0.95,0.773591,21.13
1505,0.95,0.773827,20.99
1510,0.95,0.773233,21
1515,0.95,0.773608,21.02
1520,0.95,0.773743,20.99
1525,0.95,0.774301,20.97
1530,0.95,0.774206,21
1535,0.95,0.773529,21.05
1540,0.95,0.774293,21.03
1545,0.95,0.7745,21.05
1550,0.95,0.775142,20.97
1555,0.95,0.773709,20.96
1560,0.95,0.774254,21.1
1565,0.95,0.775088,20.99
1570,0.95,0.774098,21.02
1575,0.95,0.774243,21.04
1580,0.95,0.775012,21.07
1585,0.95,0.775294,20.93
1590,0.95,0.774699,20.98
1595,0.95,0.775261,20.98
1600,0.95,0.775169,20.98
1605,0.95,0.775805,20.88
1610,0.95,0.775272,20.99
1615,0.95,0.775742,20.85
1620,0.95,0.775058,21.01
1625,0.95,0.775416,21.03
1630,0.95,0.775522,21.03
1635,0.95,0.776085,20.94
1640,0.95,0.77593,21.05
1645,0.95,0.775464,20.96
1650,0.95,0.776104,20.94
1655,0.95,0.776204,20.95
1660,0.95,0.775915,20.96
1665,0.95,0.77592,21.01
1670,0.95,0.776007,21.04
1675,0.95,0.775468,20.89
1680,0.95,0.776281,20.97
1685,0.95,0.776359,21.04
1690,0.95,0.775977,21.01
1695,0.95,0.776677,21.03
1700,0.95,0.775888,20.92
1705,0.95,0.776272,21.05
1710,0.95,0.776357,20.92
1715,0.95,0.777396,21.01
1720,0.95,0.776014,21.07
1725,0.95,0.776931,21.09
1730,0.95,0.777134,21.03
1735,0.95,0.776959,21.04
1740,0.95,0.77733,20.97
1745,0.95,0.776506,20.98
1750,0.95,0.776043,21.06
1755,0.95,0.777309,21
1760,0.95,0.776571,20.99
1765,0.95,0.776964,20.93
1770,0.95,0.776669,21.01
1775,0.95,0.777606,21.03
1780,0.95,0.777575,20.96
1785,0.95,0.776984,20.97
1790,0.95,0.777676,21.08
1795,0.95,0.777405,21.01
1800,0.95,0.777342,20.99
1805,0.95,0.777461,20.94
1810,0.95,0.777397,20.97
1815,0.95,0.777763,20.99
1820,0.95,0.77768,21.07
1825,0.95,0.777454,20.97
1830,0.95,0.778034,21.09
1835,0.95,0.777424,20.95
1840,0.95,0.77782,20.98
1845,0.95,0.777909,21.04
1850,0.95,0.778367,20.99
1855,0.95,0.777608,20.96
1860,0.95,0.778542,20.99
1865,0.95,0.777949,21.02
1870,0.95,0.777834,20.91
1875,0.95,0.777675,20.99
1880,0.95,0.77821,20.99
1885,0.95,0.778027,20.98
1890,0.95,0.777597,21.04
1895,0.95,0.777618,20.97
1900,0.95,0.777877,20.98
1905,0.95,0.777858,21
1910,0.95,0.778594,21.04
1915,0.95,0.778737,20.99
1920,0.95,0.778562,21.08
1925,0.95,0.778386,20.95
1930,0.95,0.778099,21.06
1935,0.95,0.778319,20.96
1940,0.95,0.778677,20.99
1945,0.95,0.779202,21.02
1950,0.95,0.778741,21.1
1955,0.95,0.778289,21.04
1960,0.95,0.778441,20.98
1965,0.95,0.778257,21.06
1970,0.95,0.778161,20.99
1975,0.95,0.778424,20.96
1980,0.95,0.7786,21.02
1985,0.95,0.779279,21
1990,0.95,0.778588,21.05
1995,0.95,0.779133,20.97
2000,0.95,0.779319,21.02
2005,0.95,0.778665,21.03
2010,0.95,0.779298,21.01
2015,0.95,0.778961,21
2020,0.95,0.778529,20.97
2025,0.95,0.778823,21.05
2030,0.95,0.778746,21.01
2035,0.95,0.778663,21.02
2040,0.95,0.778696,20.98
2045,0.95,0.778852,21
2050,0.95,0.778987,20.95
2055,0.95,0.778478,21
2060,0.95,0.778846,21.04
2065,0.95,0.778259,21
2070,0.95,0.77899,21.04
2075,0.95,0.779152,21.02
2080,0.95,0.778986,21.07
2085,0.95,0.779051,20.99
2090,0.95,0.77919,20.92
2095,0.95,0.778704,21.02
2100,0.95,0.77889,20.99
2105,0.95,0.779206,20.95
2110,0.95,0.779418,21.03
2115,0.95,0.779191,21.01
2120,0.95,0.780069,21.02
2125,0.95,0.779026,20.98
2130,0.95,0.779477,21.01
2135,0.95,0.779598,21.01
2140,0.95,0.779052,21.09
2145,0.95,0.778791,20.97
2150,0.95,0.77866,21
2155,0.95,0.779212,21.02
2160,0.95,0.779604,20.91
2165,0.95,0.779282,20.92
2170,0.95,0.779255,21.11
2175,0.95,0.779047,20.91
2180,0.95,0.779436,21.03
2185,0.95,0.778369,20.96
2190,0.95,0.779329,20.96
2195,0.95,0.779259,20.9
2200,0.95,0.778711,20.95
2205,0.95,0.780141,21.04
2210,0.95,0.778727,20.93
2215,0.95,0.778862,21.03
2220,0.95,0.778824,21.02
2225,0.95,0.779759,21.1
2230,0.95,0.778971,20.98
2235,0.95,0.779604,21.06
2240,0.95,0.779582,21.04
2245,0.95,0.779461,20.99
2250,0.95,0.778844,20.92
2255,0.95,0.779132,21.08
2260,0.95,0.780056,20.93
2265,0.95,0.77888,20.98
2270,0.95,0.779073,21.04
2275,0.95,0.77935,21.06
2280,0.95,0.779748,20.96
2285,0.95,0.779534,21
2290,0.95,0.779739,20.99
2295,0.95,0.779024,21.06
2300,0.95,0.779837,21.13
2305,0.95,0.779695,20.91
2310,0.95,0.778838,21.05
2315,0.95,0.7801,20.86
2320,0.95,0.780409,21
2325,0.95,0.779192,20.94
2330,0.95,0.77953,21.1
2335,0.95,0.780074,21.01
2340,0.95,0.77893,20.96
2345,0.95,0.778734,20.98
2350,0.95,0.779019,20.97
2355,0.95,0.779318,21.01
2360,0.95,0.779321,20.99
2365,0.95,0.779802,21.03
2370,0.95,0.779673,21.08
2375,0.95,0.779074,21.04
2380,0.95,0.779806,20.94
2385,0.95,0.780335,20.92
2390,0.95,0.780071,20.96
2395,0.95,0.779995,21.05
2400,0.95,0.779613,20.98
2405,0.95,0.780004,20.97
2410,0.95,0.779231,21.01
2415,0.95,0.779923,20.93
2420,0.95,0.779594,20.94
2425,0.95,0.780087,21.03
2430,0.95,0.779827,20.98
2435,0.95,0.77921,20.98
2440,0.95,0.779703,21.02
2445,0.95,0.780144,20.97
2450,0.95,0.779211,20.97
2455,0.95,0.779444,20.98
2460,0.95,0.779365,21.03
2465,0.95,0.77908,21
2470,0.95,0.780067,20.94
2475,0.95,0.780212,20.98
2480,0.95,0.780013,21.03
2485,0.95,0.779794,21.09
2490,0.95,0.779681,20.94
2495,0.95,0.779803,21.02
2500,0.95,0.779419,20.99
2505,0.95,0.780073,21.04
2510,0.95,0.780139,21.02
2515,0.95,0.780098,21.07
2520,0.95,0.779517,21.03
2525,0.95,0.779765,20.97
2530,0.95,0.779671,20.97
2535,0.95,0.780457,21.02
2540,0.95,0.779817,21.02
2545,0.95,0.778997,21.12
2550,0.95,0.779913,21.08
2555,0.95,0.78051,20.94
2560,0.95,0.780035,21.02
2565,0.95,0.780116,20.93
2570,0.95,0.779783,20.92
2575,0.95,0.778983,21.04
2580,0.95,0.779051,21.03
2585,0.95,0.779281,20.95
2590,0.95,0.779732,21.08
2595,0.95,0.77991,20.95
2600,0.95,0.780065,20.94
2605,0.95,0.779656,21.03
2610,0.95,0.780178,21.01
2615,0.95,0.779687,20.99
2620,0.95,0.77952,21
2625,0.95,0.780146,21.01
2630,0.95,0.779442,20.99
2635,0.95,0.77872,20.99
2640,0.95,0.77939,20.91
2645,0.95,0.779855,20.93
2650,0.95,0.778588,21.03
2655,0.95,0.77968,20.96
2660,0.95,0.779693,21.03
2665,0.95,0.779258,21.06
2670,0.95,0.779238,20.98
2675,0.95,0.779648,21.01
2680,0.95,0.779617,21.1
2685,0.95,0.780343,21.03
2690,0.95,0.779991,21.09
2695,0.95,0.779211,21.08
2700,0.95,0.779504,21.04
2705,0.95,0.78013,20.99
2710,0.95,0.780609,20.96
2715,0.95,0.780008,20.94
2720,0.95,0.77998,21.02
2725,0.95,0.780602,21.02
2730,0.95,0.779851,20.99
2735,0.95,0.779738,21.04
2740,0.95,0.779299,20.97
2745,0.95,0.779661,21.06
2750,0.95,0.78074,21
2755,0.95,0.779302,21
2760,0.95,0.779877,21
2765,0.95,0.779311,21
2770,0.95,0.779928,21.12
2775,0.95,0.780233,20.92
2780,0.95,0.779783,21.01
2785,0.95,0.780174,21.06
2790,0.95,0.780172,21.04
2795,0.95,0.780065,20.98
2800,0.95,0.780574,21.09
2805,0.95,0.780201,20.95
2810,0.95,0.779769,20.93
2815,0.95,0.77962,21.03
2820,0.95,0.779556,20.93
2825,0.95,0.780086,20.88
2830,0.95,0.779768,21.04
2835,0.95,0.780991,21.04
2840,0.95,0.780638,21.04
2845,0.95,0.779817,20.98
2850,0.95,0.779772,21.01
2855,0.95,0.780581,20.95
2860,0.95,0.779154,21.09
2865,0.95,0.779728,21.04
2870,0.95,0.78029,21.04
2875,0.95,0.779546,20.9
2880,0.95,0.779722,21.04
2885,0.95,0.779773,21.07
2890,0.95,0.78018,21.06
2895,0.95,0.779972,21.04
2900,0.95,0.780079,21
2905,0.95,0.780157,20.98
2910,0.95,0.779932,21.03
2915,0.95,0.780366,21.02
2920,0.95,0.779631,21.01
2925,0.95,0.77935,20.98
2930,0.95,0.779214,21.08
2935,0.95,0.779278,20.94
2940,0.95,0.779707,21
2945,0.95,0.780341,20.97
2950,0.95,0.779999,21.05
2955,0.95,0.779691,21.07
2960,0.95,0.779504,21.06
2965,0.95,0.779721,21.04
2970,0.95,0.779773,20.93
2975,0.95,0.779709,21.1
2980,0.95,0.779363,21.03
2985,0.95,0.779747,20.99
2990,0.95,0.780345,21
2995,0.95,0.779069,20.98
